Subject,IQR,NCR,ICR,res_RMS,TIV,GM_vol,WM_vol,CSF_vol,WMH_vol,mean_thickness_lh,mean_thickness_rh,mean_thickness_global,mean_gyri_lh,mean_gyri_rh,mean_gyri_global
IXI196-Guys-0805-T1,1.89884798919927,1.28708294445786,0.898861348628998,2.06488468009317,1392.75720215034,295.856069873446,651.180433836441,445.720698440451,0,2.57522480943352,2.5885494519402,2.58185070532833,30.3507129035149,30.1750269659572,30.2633115141478
