Subject,IQR,NCR,ICR,res_RMS,TIV,GM_vol,WM_vol,CSF_vol,WMH_vol,mean_thickness_lh,mean_thickness_rh,mean_thickness_global,mean_gyri_lh,mean_gyri_rh,mean_gyri_global
IXI426-IOP-1011-T1,1.89370002516882,0.850436927734128,1.4419903755188,2.0648809093205,1569.32444545429,229.289925206522,745.836794649822,594.197725597941,0,2.61047268866284,2.64777227795774,2.62899791894425,29.4448828187098,29.7579011598573,29.6008384873571
