Subject,IQR,NCR,ICR,res_RMS,TIV,GM_vol,WM_vol,CSF_vol,WMH_vol,mean_thickness_lh,mean_thickness_rh,mean_thickness_global,mean_gyri_lh,mean_gyri_rh,mean_gyri_global
IXI571-IOP-1154-T1,1.8937829465992,0.88586382481034,1.48302555084229,2.06488890685773,1378.30215489247,222.515613285783,653.696735577932,502.089806028755,0,2.43884405961481,2.44899713988105,2.44390506982648,30.437582733207,30.7937459072923,30.6144861055244
