Subject,IQR,NCR,ICR,res_RMS,TIV,GM_vol,WM_vol,CSF_vol,WMH_vol,mean_thickness_lh,mean_thickness_rh,mean_thickness_global,mean_gyri_lh,mean_gyri_rh,mean_gyri_global
IXI054-Guys-0707-T1,1.89386521021668,0.916737529136585,0.887126266956329,2.06488533170411,1294.55545191664,209.605933202075,626.695940656844,458.253578057717,0,2.52377372458276,2.53460728842894,2.52918152320703,30.496634489277,30.5394460413761,30.5180606637137
