Subject,IQR,NCR,ICR,res_RMS,TIV,GM_vol,WM_vol,CSF_vol,WMH_vol,mean_thickness_lh,mean_thickness_rh,mean_thickness_global,mean_gyri_lh,mean_gyri_rh,mean_gyri_global
IXI170-Guys-0843-T1,1.90203060893217,1.36549362715226,0.837239861488342,2.06488716738426,1270.38326880806,224.864142022585,589.455349015221,456.063777770255,0,2.44962926655657,2.45162566779777,2.45063172228463,30.7762357885919,30.6940745657291,30.7350452997116
